Artikel,Type/Form,Diametre
11432,44DK,8-9
16084,44DK,8.5-9.5
16094,44DK,9-10
16095,44DK,9-10
16111,44DK,8.5-9.5
16162,44DK,8.5-9.5
16163,44DK,8-9
16174,44DK,8.5-9.5
16222,44DK,8-9
16247,44DK,8.5-9.5
16248,44DK,8-9
16396,44DK,8.5-9.5
16397,44DK,8-9
16481,44DK,8.5-9.5
16487,44DK,8.5-9.5
16501,44DK,8-9
16512,44DK,9-11
16518,44DK,9-11
16519,44DK,9-10
16522,44DK,9-11
16523,44DK,9-10
16524,44DK,9-11
16525,44DK,9-10
16540,44DK,9-10
16550,44DK,9-11
16551,44DK,9-10
16554,44DK,9-11
16555,44DK,9-10
16575,44DK,9-11
16588,44DK,8.5-9.5
16589,44DK,8-9
16596,44DK,9-11
16597,44DK,9-10
16730,44DK,8-9
16746,44DK,8.5-9.5
16748,44DK,8.5-9.5
16770,44DK,8.5-9.5
16834,44DK,8-9
16866,44DK,8.5-9.5
86242,44DK,8.5-9.5
86243,44DK,8-9
86473,44DK,8-9
86749,44DK,8-9
86864,44DK,8.5-9.5
83055,FORM A,10.5
13059,FORM CM,9
16609,FORM CM,9
20787,FORM CM,8.5
27012,FORM CM,8.5
46331,FORM CM,8.5
14041,FORM A,10.5
14403,FORM A,10.5
14435,FORM A,10.5
13378,TUBE,8.5
16785,TUBE,8.5
10488,TUBE,8-10
13141,FORM A,8-10
